,Player,Tm,Short FGA,Short FGM,Reg FGA,Reg FGM,Med FGA,Med FGM,Long FGA,Long FGM,Deep FGA,Deep FGM,XPA,XPM,Year,Pos
0,David Akers,SFO,1.0,1.0,9.0,8.0,13.0,11.0,13.0,7.0,6.0,2.0,44.0,44.0,2012,K
1,Lawrence Tynes,NYG,,,11.0,11.0,16.0,14.0,9.0,7.0,3.0,1.0,46.0,46.0,2012,K
2,Shayne Graham,HOU,1.0,1.0,8.0,8.0,11.0,11.0,9.0,7.0,9.0,4.0,45.0,45.0,2012,K
3,Matt Bryant,ATL,1.0,1.0,9.0,8.0,11.0,10.0,13.0,10.0,4.0,4.0,44.0,44.0,2012,K
4,Blair Walsh,MIN,,,10.0,10.0,9.0,8.0,9.0,7.0,10.0,10.0,36.0,36.0,2012,K
5,Jason Hanson,DET,1.0,1.0,3.0,3.0,10.0,10.0,19.0,16.0,3.0,2.0,38.0,38.0,2012,K
6,Stephen Gostkowski,NWE,,,8.0,8.0,12.0,10.0,13.0,9.0,2.0,2.0,66.0,66.0,2012,K
7,Sebastian Janikowski,OAK,1.0,1.0,9.0,9.0,10.0,10.0,5.0,5.0,9.0,6.0,25.0,25.0,2012,K
8,Ryan Succop,KAN,,,5.0,4.0,15.0,12.0,12.0,10.0,2.0,2.0,17.0,17.0,2012,K
9,Mason Crosby,GNB,,,5.0,5.0,7.0,5.0,12.0,9.0,9.0,2.0,50.0,50.0,2012,K
10,Justin Tucker,BAL,,,8.0,8.0,8.0,8.0,13.0,10.0,4.0,4.0,42.0,42.0,2012,K
11,Connor Barth,TAM,,,7.0,7.0,4.0,3.0,13.0,12.0,9.0,6.0,39.0,39.0,2012,K
12,Adam Vinatieri,IND,1.0,1.0,8.0,8.0,7.0,4.0,10.0,9.0,7.0,4.0,37.0,37.0,2012,K
13,Matt Prater,DEN,1.0,1.0,7.0,7.0,11.0,10.0,9.0,5.0,4.0,3.0,55.0,55.0,2012,K
14,Dan Bailey,DAL,1.0,1.0,5.0,5.0,13.0,13.0,7.0,7.0,5.0,3.0,37.0,37.0,2012,K
15,Rob Bironas,TEN,,,6.0,6.0,13.0,13.0,10.0,5.0,2.0,1.0,35.0,35.0,2012,K
16,Shaun Suisham,PIT,,,8.0,7.0,8.0,8.0,12.0,12.0,3.0,1.0,34.0,34.0,2012,K
17,Phil Dawson,CLE,,,9.0,8.0,9.0,8.0,6.0,6.0,7.0,7.0,29.0,29.0,2012,K
18,Alex Henery,PHI,,,9.0,8.0,9.0,8.0,12.0,11.0,1.0,,26.0,25.0,2012,K
19,Greg Zuerlein,STL,1.0,1.0,4.0,4.0,6.0,4.0,7.0,7.0,13.0,7.0,26.0,26.0,2012,K
20,Jay Feely,ARI,,,6.0,6.0,10.0,9.0,10.0,8.0,2.0,2.0,25.0,25.0,2012,K
21,Josh Scobee,JAX,1.0,1.0,4.0,4.0,8.0,8.0,13.0,11.0,2.0,1.0,19.0,18.0,2012,K
22,Stephen Hauschka,SEA,1.0,1.0,7.0,7.0,10.0,10.0,5.0,5.0,4.0,1.0,48.0,46.0,2012,K
23,Nick Folk,NYJ,,,8.0,7.0,8.0,6.0,7.0,5.0,4.0,3.0,30.0,30.0,2012,K
24,Dan Carpenter,MIA,,,3.0,3.0,9.0,9.0,10.0,8.0,5.0,2.0,26.0,26.0,2012,K
25,Robbie Gould,CHI,,,7.0,7.0,7.0,5.0,9.0,7.0,2.0,2.0,33.0,33.0,2012,K
26,Rian Lindell,BUF,1.0,1.0,3.0,3.0,11.0,10.0,7.0,6.0,2.0,1.0,39.0,39.0,2012,K
27,Mike Nugent,CIN,2.0,2.0,5.0,5.0,5.0,5.0,9.0,6.0,2.0,1.0,35.0,35.0,2012,K
28,Garrett Hartley,NOR,,,9.0,9.0,6.0,4.0,3.0,2.0,4.0,3.0,57.0,57.0,2012,K
29,Nick Novak,SDG,1.0,1.0,5.0,5.0,6.0,6.0,4.0,4.0,4.0,2.0,33.0,33.0,2012,K
30,Kai Forbath,WAS,,,3.0,3.0,3.0,2.0,11.0,11.0,1.0,1.0,34.0,33.0,2012,K
31,Billy Cundiff,WAS,,,1.0,1.0,5.0,3.0,4.0,3.0,2.0,,17.0,17.0,2012,K
32,Josh Brown,CIN,,,3.0,3.0,4.0,4.0,3.0,3.0,2.0,1.0,8.0,8.0,2012,K
33,Graham Gano,CAR,,,3.0,3.0,3.0,3.0,3.0,2.0,2.0,1.0,21.0,20.0,2012,K
34,Justin Medlock,CAR,,,2.0,2.0,3.0,3.0,4.0,2.0,1.0,,23.0,23.0,2012,K
35,Nate Kaeding,2TM,1.0,1.0,3.0,3.0,,,6.0,4.0,,,9.0,9.0,2012,K
36,Olindo Mare,CHI,,,3.0,2.0,3.0,3.0,2.0,1.0,,,7.0,7.0,2012,K
37,Matthew Bosher,ATL,,,,,,,,,,,,,2012,K
38,Thomas Morstead,NOR,,,,,,,,,,,,,2012,K
39,Michael Koenen,TAM,,,,,,,,,,,,,2012,K
40,Pat McAfee,IND,,,,,,,,,,,,,2012,K
41,Adam Podlesh,CHI,,,,,,,,,,,,,2012,K
42,Britton Colquitt,DEN,,,,,,,,,,,,,2012,K
43,Johnny Hekker,STL,,,,,,,,,,,,,2012,K
44,Donnie Jones,HOU,,,,,,,,,,,,,2012,K
45,Sam Koch,BAL,,,,,,,,,,,,,2012,K
46,Andy Lee,SFO,,,,,,,,,,,,,2012,K
47,Robert Malone,NYJ,,,,,,,,,,,,,2012,K
48,Zoltan Mesko,NWE,,,,,,,,,,,,,2012,K
49,Brad Nortman,CAR,,,,,,,,,,,,,2012,K
50,Jon Ryan,SEA,,,,,,,,,,,,,2012,K
51,Dave Zastudil,ARI,,,,,,,,,,,,,2012,K
52,Stephen Gostkowski,NWE,1.0,1.0,8.0,8.0,13.0,13.0,13.0,11.0,6.0,5.0,44.0,44.0,2013,K
53,Justin Tucker,BAL,,,9.0,9.0,14.0,13.0,11.0,10.0,7.0,6.0,26.0,26.0,2013,K
54,Adam Vinatieri,IND,,,6.0,6.0,11.0,10.0,17.0,15.0,6.0,4.0,34.0,34.0,2013,K
55,Nick Novak,SDG,1.0,1.0,9.0,9.0,16.0,13.0,9.0,9.0,2.0,2.0,42.0,42.0,2013,K
56,Mason Crosby,GNB,1.0,1.0,13.0,13.0,8.0,8.0,8.0,6.0,7.0,5.0,42.0,42.0,2013,K
57,Phil Dawson,SFO,,,13.0,12.0,6.0,6.0,11.0,10.0,6.0,4.0,44.0,44.0,2013,K
58,Jay Feely,ARI,,,11.0,9.0,8.0,7.0,12.0,11.0,5.0,3.0,37.0,37.0,2013,K
59,Dan Carpenter,BUF,,,13.0,13.0,6.0,6.0,11.0,10.0,6.0,4.0,32.0,32.0,2013,K
60,Nick Folk,NYJ,,,8.0,8.0,11.0,10.0,14.0,12.0,3.0,3.0,27.0,27.0,2013,K
61,Stephen Hauschka,SEA,,,11.0,10.0,9.0,9.0,12.0,11.0,3.0,3.0,44.0,44.0,2013,K
62,Randy Bullock,HOU,1.0,1.0,7.0,7.0,5.0,5.0,17.0,12.0,5.0,1.0,26.0,26.0,2013,K
63,Caleb Sturgis,MIA,1.0,1.0,4.0,4.0,12.0,10.0,10.0,8.0,7.0,3.0,33.0,33.0,2013,K
64,Shaun Suisham,PIT,,,9.0,9.0,15.0,13.0,8.0,8.0,,,39.0,39.0,2013,K
65,Dan Bailey,DAL,2.0,2.0,2.0,2.0,9.0,8.0,10.0,10.0,7.0,6.0,47.0,47.0,2013,K
66,Blair Walsh,MIN,,,7.0,7.0,12.0,12.0,6.0,5.0,5.0,2.0,44.0,43.0,2013,K
67,Garrett Hartley,NOR,2.0,2.0,6.0,5.0,8.0,5.0,13.0,9.0,1.0,1.0,41.0,41.0,2013,K
68,Sebastian Janikowski,OAK,,,6.0,6.0,6.0,4.0,11.0,8.0,7.0,3.0,37.0,37.0,2013,K
69,Robbie Gould,CHI,,,11.0,11.0,7.0,6.0,7.0,6.0,4.0,3.0,46.0,45.0,2013,K
70,Rob Bironas,TEN,,,10.0,10.0,9.0,8.0,7.0,5.0,3.0,2.0,41.0,41.0,2013,K
71,Rian Lindell,TAM,,,3.0,3.0,14.0,12.0,6.0,4.0,6.0,4.0,31.0,31.0,2013,K
72,Ryan Succop,KAN,,,6.0,6.0,10.0,9.0,8.0,6.0,4.0,1.0,52.0,52.0,2013,K
73,Alex Henery,PHI,,,8.0,8.0,8.0,7.0,10.0,7.0,2.0,1.0,45.0,45.0,2013,K
74,Greg Zuerlein,STL,,,7.0,7.0,10.0,10.0,9.0,8.0,2.0,1.0,34.0,34.0,2013,K
75,Graham Gano,CAR,,,9.0,9.0,5.0,4.0,7.0,5.0,6.0,6.0,42.0,42.0,2013,K
76,Matt Bryant,ATL,,,9.0,9.0,8.0,7.0,5.0,5.0,5.0,3.0,39.0,39.0,2013,K
77,Matt Prater,DEN,2.0,2.0,4.0,4.0,5.0,5.0,8.0,8.0,7.0,6.0,75.0,75.0,2013,K
78,Billy Cundiff,CLE,,,7.0,7.0,6.0,5.0,9.0,7.0,4.0,2.0,32.0,32.0,2013,K
79,Josh Brown,NYG,,,8.0,8.0,8.0,7.0,8.0,7.0,2.0,1.0,31.0,31.0,2013,K
80,Josh Scobee,JAX,,,3.0,3.0,12.0,12.0,5.0,4.0,5.0,4.0,23.0,22.0,2013,K
81,David Akers,DET,1.0,1.0,5.0,5.0,8.0,6.0,7.0,4.0,3.0,3.0,43.0,42.0,2013,K
82,Mike Nugent,CIN,,,2.0,2.0,7.0,6.0,9.0,7.0,4.0,3.0,53.0,52.0,2013,K
83,Kai Forbath,WAS,,,4.0,3.0,10.0,10.0,6.0,4.0,2.0,1.0,26.0,26.0,2013,K
84,John Potter,WAS,,,2.0,2.0,,,1.0,1.0,1.0,,7.0,7.0,2013,K
85,Shayne Graham,NOR,,,1.0,1.0,,,1.0,1.0,,,7.0,7.0,2013,K
86,Spencer Lanning,CLE,,,,,,,,,,,1.0,1.0,2013,K
87,Pat McAfee,IND,,,,,,,,,,,,,2013,K
88,Thomas Morstead,NOR,,,,,,,,,,,,,2013,K
89,Matthew Bosher,ATL,,,,,,,,,,,,,2013,K
90,Sam Martin,DET,,,,,,,,,,,,,2013,K
91,Michael Koenen,TAM,,,,,,,,,,,,,2013,K
92,Tim Masthay,GNB,,,,,,,,,,,,,2013,K
93,Jeff Locke,MIN,,,,,,,,,,,,,2013,K
94,Johnny Hekker,STL,,,,,,,,,,,,,2013,K
95,Brett Kern,TEN,,,,,,,,,,,,,2013,K
96,Brad Nortman,CAR,,,,,,,,,,,,,2013,K
97,Britton Colquitt,DEN,,,,,,,,,,,,,2013,K
98,Dustin Colquitt,KAN,,,,,,,,,,,,,2013,K
99,Brandon Fields,MIA,,,,,,,,,,,,,2013,K
100,Shane Lechler,HOU,,,,,,,,,,,,,2013,K
101,Andy Lee,SFO,,,,,,,,,,,,,2013,K
102,Adam Podlesh,CHI,,,,,,,,,,,,,2013,K
103,Saverio Rocca,WAS,,,,,,,,,,,,,2013,K
104,Steve Weatherford,NYG,,,,,,,,,,,,,2013,K
105,Dave Zastudil,ARI,,,,,,,,,,,,,2013,K
106,Nick Folk,NYJ,,,13.0,13.0,7.0,7.0,13.0,9.0,6.0,3.0,23.0,23.0,2014,K
107,Dan Carpenter,BUF,,,10.0,10.0,12.0,11.0,8.0,7.0,8.0,6.0,32.0,31.0,2014,K
108,Stephen Gostkowski,NWE,1.0,1.0,11.0,11.0,11.0,10.0,13.0,12.0,1.0,1.0,51.0,51.0,2014,K
109,Stephen Hauschka,SEA,,,10.0,10.0,10.0,10.0,13.0,9.0,4.0,2.0,41.0,41.0,2014,K
110,Caleb Sturgis,MIA,1.0,1.0,12.0,12.0,8.0,7.0,10.0,6.0,6.0,3.0,41.0,41.0,2014,K
111,Cody Parkey,PHI,,,10.0,10.0,16.0,14.0,6.0,4.0,4.0,4.0,54.0,54.0,2014,K
112,Randy Bullock,HOU,,,7.0,6.0,15.0,13.0,8.0,7.0,5.0,4.0,40.0,40.0,2014,K
113,Graham Gano,CAR,,,7.0,7.0,14.0,13.0,11.0,8.0,3.0,1.0,34.0,34.0,2014,K
114,Blair Walsh,MIN,2.0,2.0,5.0,4.0,10.0,8.0,9.0,7.0,9.0,5.0,29.0,29.0,2014,K
115,Justin Tucker,BAL,,,10.0,10.0,11.0,11.0,4.0,4.0,9.0,4.0,42.0,42.0,2014,K
116,Mason Crosby,GNB,,,7.0,7.0,11.0,10.0,8.0,6.0,7.0,4.0,55.0,53.0,2014,K
117,Mike Nugent,CIN,,,6.0,6.0,12.0,10.0,12.0,10.0,3.0,,39.0,39.0,2014,K
118,Chandler Catanzaro,ARI,,,5.0,5.0,14.0,12.0,11.0,10.0,3.0,2.0,27.0,27.0,2014,K
119,Shaun Suisham,PIT,,,13.0,12.0,6.0,6.0,10.0,10.0,3.0,1.0,45.0,45.0,2014,K
120,Matt Bryant,ATL,,,10.0,10.0,4.0,4.0,8.0,8.0,10.0,7.0,40.0,40.0,2014,K
121,Adam Vinatieri,IND,,,10.0,10.0,10.0,10.0,8.0,7.0,3.0,3.0,50.0,50.0,2014,K
122,Phil Dawson,SFO,,,6.0,6.0,9.0,8.0,7.0,5.0,9.0,6.0,33.0,33.0,2014,K
123,Cairo Santos,KAN,1.0,1.0,10.0,10.0,6.0,5.0,11.0,8.0,2.0,1.0,38.0,38.0,2014,K
124,Greg Zuerlein,STL,1.0,1.0,7.0,6.0,12.0,10.0,3.0,2.0,7.0,5.0,35.0,34.0,2014,K
125,Dan Bailey,DAL,,,6.0,6.0,7.0,6.0,9.0,8.0,7.0,5.0,56.0,56.0,2014,K
126,Billy Cundiff,CLE,,,6.0,6.0,13.0,10.0,7.0,5.0,3.0,1.0,28.0,28.0,2014,K
127,Kai Forbath,WAS,,,11.0,11.0,7.0,6.0,8.0,7.0,1.0,,32.0,31.0,2014,K
128,Josh Brown,NYG,1.0,1.0,7.0,6.0,9.0,9.0,5.0,4.0,4.0,4.0,44.0,44.0,2014,K
129,Nick Novak,SDG,1.0,1.0,6.0,6.0,9.0,8.0,6.0,4.0,4.0,3.0,40.0,40.0,2014,K
130,Josh Scobee,JAX,,,3.0,3.0,8.0,7.0,9.0,7.0,6.0,3.0,23.0,23.0,2014,K
131,Matt Prater,DET,,,8.0,8.0,5.0,4.0,8.0,6.0,5.0,3.0,21.0,21.0,2014,K
132,Patrick Murray,TAM,,,3.0,2.0,8.0,7.0,7.0,6.0,6.0,5.0,31.0,31.0,2014,K
133,Shayne Graham,NOR,,,6.0,6.0,9.0,9.0,5.0,3.0,2.0,1.0,47.0,46.0,2014,K
134,Sebastian Janikowski,OAK,,,2.0,2.0,6.0,5.0,9.0,9.0,5.0,3.0,28.0,28.0,2014,K
135,Ryan Succop,TEN,,,5.0,5.0,7.0,7.0,8.0,5.0,2.0,2.0,27.0,27.0,2014,K
136,Connor Barth,DEN,2.0,2.0,4.0,4.0,5.0,5.0,4.0,3.0,1.0,1.0,15.0,15.0,2014,K
137,Brandon McManus,DEN,,,5.0,5.0,3.0,2.0,3.0,2.0,2.0,,41.0,41.0,2014,K
138,Robbie Gould,CHI,,,4.0,4.0,3.0,2.0,4.0,3.0,1.0,,29.0,28.0,2014,K
139,Nate Freese,DET,,,2.0,2.0,1.0,1.0,4.0,,,,6.0,6.0,2014,K
140,Alex Henery,DET,,,,,,,2.0,,3.0,1.0,5.0,5.0,2014,K
141,Jay Feely,CHI,,,1.0,1.0,1.0,1.0,2.0,1.0,,,6.0,5.0,2014,K
142,Garrett Hartley,CLE,,,,,2.0,2.0,1.0,1.0,,,2.0,2.0,2014,K
143,Pat McAfee,IND,,,,,,,,,,,,,2014,K
144,Matthew Bosher,ATL,,,,,,,,,,,,,2014,K
145,Jordan Gay,BUF,,,,,,,,,,,,,2014,K
146,Thomas Morstead,NOR,,,,,,,,,,,,,2014,K
147,Sam Martin,DET,,,,,,,,,,,,,2014,K
148,Michael Koenen,TAM,,,,,,,,,,,,,2014,K
149,Tress Way,WAS,,,,,,,,,,,,,2014,K
150,Spencer Lanning,CLE,,,,,,,,,,,,,2014,K
151,Ryan Quigley,NYJ,,,,,,,,,,,,,2014,K
152,Bryan Anger,JAX,,,,,,,,,,,,,2014,K
153,Johnny Hekker,STL,,,,,,,,,,,,,2014,K
154,Brett Kern,TEN,,,,,,,,,,,,,2014,K
155,Tim Masthay,GNB,,,,,,,,,,,,,2014,K
156,Colton Schmidt,BUF,,,,,,,,,,,,,2014,K
157,Dustin Colquitt,KAN,,,,,,,,,,,,,2014,K
158,Chris Jones,DAL,,,,,,,,,,,,,2014,K
159,Shane Lechler,HOU,,,,,,,,,,,,,2014,K
160,Jeff Locke,MIN,,,,,,,,,,,,,2014,K
161,Pat O'Donnell,CHI,,,,,,,,,,,,,2014,K
162,Jon Ryan,SEA,,,,,,,,,,,,,2014,K
163,Justin Tucker,BAL,,,10.0,10.0,9.0,9.0,11.0,10.0,10.0,4.0,29.0,29.0,2015,K
164,Blair Walsh,MIN,,,9.0,9.0,15.0,13.0,7.0,6.0,8.0,6.0,37.0,33.0,2015,K
165,Robbie Gould,CHI,1.0,1.0,8.0,8.0,12.0,10.0,9.0,7.0,9.0,7.0,29.0,28.0,2015,K
166,Cairo Santos,KAN,,,8.0,7.0,10.0,10.0,11.0,9.0,8.0,4.0,41.0,39.0,2015,K
167,Graham Gano,CAR,1.0,1.0,10.0,10.0,5.0,4.0,16.0,13.0,4.0,2.0,59.0,56.0,2015,K
168,Stephen Gostkowski,NWE,,,6.0,6.0,11.0,11.0,14.0,12.0,5.0,4.0,52.0,52.0,2015,K
169,Brandon McManus,DEN,,,12.0,12.0,8.0,8.0,8.0,5.0,7.0,5.0,36.0,35.0,2015,K
170,Josh Brown,NYG,1.0,1.0,6.0,6.0,12.0,12.0,10.0,8.0,3.0,3.0,45.0,44.0,2015,K
171,Josh Lambo,SDG,,,4.0,4.0,7.0,7.0,16.0,11.0,5.0,4.0,32.0,28.0,2015,K
172,Chris Boswell,PIT,1.0,1.0,9.0,9.0,8.0,8.0,12.0,9.0,2.0,2.0,27.0,26.0,2015,K
173,Dan Bailey,DAL,,,9.0,9.0,10.0,10.0,7.0,6.0,6.0,5.0,25.0,25.0,2015,K
174,Travis Coons,CLE,,,11.0,11.0,10.0,10.0,9.0,7.0,2.0,,24.0,22.0,2015,K
175,Chandler Catanzaro,ARI,1.0,1.0,12.0,12.0,9.0,9.0,7.0,6.0,2.0,,58.0,53.0,2015,K
176,Stephen Hauschka,SEA,,,9.0,9.0,7.0,7.0,9.0,7.0,6.0,6.0,44.0,40.0,2015,K
177,Jason Myers,JAX,,,10.0,9.0,8.0,8.0,8.0,6.0,4.0,3.0,39.0,32.0,2015,K
178,Greg Zuerlein,STL,1.0,1.0,2.0,2.0,10.0,9.0,8.0,5.0,9.0,3.0,28.0,26.0,2015,K
179,Mike Nugent,CIN,,,6.0,6.0,6.0,5.0,13.0,10.0,3.0,2.0,49.0,48.0,2015,K
180,Dustin Hopkins,WAS,,,7.0,7.0,9.0,9.0,8.0,7.0,4.0,2.0,40.0,39.0,2015,K
181,Mason Crosby,GNB,1.0,1.0,7.0,7.0,4.0,4.0,11.0,8.0,5.0,4.0,36.0,36.0,2015,K
182,Connor Barth,TAM,,,9.0,9.0,8.0,8.0,6.0,3.0,5.0,3.0,26.0,25.0,2015,K
183,Dan Carpenter,BUF,,,5.0,5.0,9.0,8.0,8.0,7.0,5.0,3.0,40.0,34.0,2015,K
184,Adam Vinatieri,IND,,,8.0,7.0,6.0,6.0,8.0,8.0,5.0,4.0,35.0,32.0,2015,K
185,Phil Dawson,SFO,,,10.0,9.0,6.0,6.0,8.0,6.0,3.0,3.0,21.0,20.0,2015,K
186,Sebastian Janikowski,OAK,,,7.0,7.0,6.0,5.0,8.0,5.0,5.0,4.0,39.0,38.0,2015,K
187,Matt Prater,DET,,,3.0,3.0,9.0,8.0,6.0,6.0,6.0,5.0,39.0,36.0,2015,K
188,Randy Bullock,2TM,1.0,1.0,4.0,4.0,6.0,6.0,11.0,8.0,1.0,,25.0,22.0,2015,K
189,Caleb Sturgis,PHI,,,4.0,4.0,10.0,8.0,4.0,4.0,4.0,2.0,37.0,35.0,2015,K
190,Nick Novak,HOU,,,6.0,6.0,6.0,6.0,4.0,4.0,5.0,2.0,31.0,29.0,2015,K
191,Matt Bryant,ATL,1.0,1.0,4.0,4.0,4.0,3.0,9.0,6.0,,,26.0,26.0,2015,K
192,Andrew Franks,MIA,1.0,1.0,3.0,3.0,4.0,4.0,6.0,4.0,2.0,1.0,36.0,33.0,2015,K
193,Ryan Succop,TEN,,,3.0,3.0,3.0,3.0,7.0,7.0,3.0,1.0,31.0,29.0,2015,K
194,Nick Folk,NYJ,,,2.0,2.0,6.0,6.0,6.0,3.0,2.0,2.0,19.0,19.0,2015,K
195,Kai Forbath,2TM,,,3.0,2.0,4.0,3.0,5.0,3.0,3.0,2.0,35.0,34.0,2015,K
196,Zach Hocker,2TM,,,3.0,3.0,6.0,5.0,3.0,1.0,2.0,1.0,13.0,12.0,2015,K
197,Shayne Graham,ATL,,,2.0,2.0,4.0,4.0,4.0,2.0,3.0,3.0,8.0,8.0,2015,K
198,Kyle Brindza,TAM,,,2.0,1.0,3.0,2.0,3.0,1.0,4.0,2.0,8.0,6.0,2015,K
199,Josh Scobee,PIT,,,2.0,2.0,1.0,1.0,7.0,3.0,,,7.0,6.0,2015,K
200,Cody Parkey,PHI,,,1.0,1.0,1.0,1.0,2.0,1.0,,,7.0,7.0,2015,K
201,Ryan Quigley,NYJ,,,,,,,,,,,4.0,4.0,2015,K
202,Jordan Gay,BUF,,,,,,,,,,,,,2015,K
203,Pat McAfee,IND,,,,,,,,,,,,,2015,K
204,Matthew Bosher,ATL,,,,,,,,,,,,,2015,K
205,Sam Martin,DET,,,,,,,,,,,,,2015,K
206,Bradley Pinion,SFO,,,,,,,,,,,,,2015,K
207,Thomas Morstead,NOR,,,,,,,,,,,,,2015,K
208,Matt Darr,MIA,,,,,,,,,,,,,2015,K
209,Nate Ebner,NWE,,,,,,,,,,,,,2015,K
210,Johnny Hekker,STL,,,,,,,,,,,,,2015,K
211,Marquette King,OAK,,,,,,,,,,,,,2015,K
212,Tress Way,WAS,,,,,,,,,,,,,2015,K
213,Britton Colquitt,DEN,,,,,,,,,,,,,2015,K
214,Jeff Locke,MIN,,,,,,,,,,,,,2015,K
215,Tim Masthay,GNB,,,,,,,,,,,,,2015,K
216,Brad Nortman,CAR,,,,,,,,,,,,,2015,K
217,Jon Ryan,SEA,,,,,,,,,,,,,2015,K
218,Mike Scifres,SDG,,,,,,,,,,,,,2015,K
219,Dustin Hopkins,WAS,,,12.0,12.0,14.0,12.0,9.0,7.0,7.0,3.0,39.0,36.0,2016,K
220,Caleb Sturgis,PHI,,,12.0,12.0,12.0,12.0,11.0,7.0,6.0,4.0,31.0,30.0,2016,K
221,Nick Novak,HOU,1.0,1.0,12.0,12.0,11.0,11.0,11.0,8.0,6.0,3.0,25.0,22.0,2016,K
222,Justin Tucker,BAL,,,4.0,4.0,11.0,10.0,14.0,14.0,10.0,10.0,27.0,27.0,2016,K
223,Graham Gano,CAR,,,4.0,4.0,11.0,9.0,17.0,14.0,6.0,3.0,34.0,31.0,2016,K
224,Matt Bryant,ATL,,,12.0,12.0,8.0,7.0,9.0,9.0,8.0,6.0,57.0,56.0,2016,K
225,Stephen Hauschka,SEA,,,13.0,11.0,13.0,13.0,10.0,8.0,1.0,1.0,35.0,29.0,2016,K
226,Matt Prater,DET,,,10.0,10.0,5.0,4.0,14.0,10.0,7.0,7.0,33.0,31.0,2016,K
227,Sebastian Janikowski,OAK,1.0,1.0,9.0,9.0,6.0,6.0,11.0,10.0,8.0,3.0,39.0,37.0,2016,K
228,Cairo Santos,KAN,,,9.0,8.0,17.0,15.0,7.0,6.0,2.0,2.0,39.0,36.0,2016,K
229,Wil Lutz,NOR,1.0,1.0,7.0,7.0,11.0,9.0,8.0,8.0,7.0,3.0,50.0,49.0,2016,K
230,Brandon McManus,DEN,,,9.0,9.0,10.0,10.0,9.0,7.0,6.0,3.0,33.0,32.0,2016,K
231,Jason Myers,JAX,,,7.0,7.0,4.0,3.0,11.0,10.0,12.0,7.0,32.0,29.0,2016,K
232,Stephen Gostkowski,NWE,,,9.0,9.0,9.0,6.0,10.0,9.0,4.0,3.0,49.0,46.0,2016,K
233,Dan Bailey,DAL,,,9.0,9.0,8.0,8.0,9.0,7.0,6.0,3.0,46.0,46.0,2016,K
234,Josh Lambo,SDG,,,7.0,7.0,14.0,13.0,8.0,6.0,3.0,,46.0,42.0,2016,K
235,Adam Vinatieri,IND,,,3.0,3.0,7.0,7.0,12.0,10.0,9.0,7.0,44.0,44.0,2016,K
236,Roberto Aguayo,TAM,,,5.0,5.0,15.0,13.0,10.0,4.0,1.0,,34.0,32.0,2016,K
237,Nick Folk,NYJ,,,13.0,12.0,11.0,10.0,3.0,3.0,4.0,2.0,26.0,24.0,2016,K
238,Mason Crosby,GNB,1.0,1.0,6.0,6.0,14.0,12.0,7.0,6.0,2.0,1.0,47.0,44.0,2016,K
239,Mike Nugent,CIN,,,9.0,9.0,10.0,9.0,7.0,5.0,3.0,,29.0,23.0,2016,K
240,Chandler Catanzaro,ARI,1.0,1.0,6.0,5.0,7.0,6.0,8.0,6.0,6.0,3.0,47.0,43.0,2016,K
241,Dan Carpenter,BUF,1.0,1.0,8.0,8.0,5.0,5.0,9.0,4.0,2.0,1.0,45.0,40.0,2016,K
242,Chris Boswell,PIT,,,2.0,2.0,9.0,8.0,12.0,11.0,2.0,,36.0,36.0,2016,K
243,Cody Parkey,CLE,,,6.0,6.0,6.0,6.0,12.0,7.0,1.0,1.0,21.0,20.0,2016,K
244,Ryan Succop,TEN,1.0,1.0,5.0,5.0,5.0,5.0,8.0,8.0,5.0,3.0,41.0,39.0,2016,K
245,Connor Barth,CHI,,,8.0,7.0,8.0,7.0,4.0,3.0,3.0,1.0,32.0,31.0,2016,K
246,Greg Zuerlein,LAR,,,5.0,5.0,9.0,9.0,4.0,3.0,4.0,2.0,23.0,23.0,2016,K
247,Andrew Franks,MIA,,,10.0,8.0,6.0,6.0,3.0,1.0,2.0,1.0,42.0,41.0,2016,K
248,Phil Dawson,SFO,,,4.0,4.0,6.0,6.0,9.0,7.0,2.0,1.0,34.0,33.0,2016,K
249,Blair Walsh,MIN,1.0,1.0,1.0,1.0,6.0,5.0,6.0,4.0,2.0,1.0,19.0,15.0,2016,K
250,Kai Forbath,MIN,,,5.0,5.0,5.0,5.0,4.0,4.0,1.0,1.0,14.0,11.0,2016,K
251,Josh Brown,NYG,1.0,1.0,3.0,3.0,3.0,3.0,4.0,4.0,1.0,,9.0,9.0,2016,K
252,Robbie Gould,NYG,,,3.0,3.0,3.0,3.0,4.0,4.0,,,23.0,20.0,2016,K
253,Randy Bullock,3TM,,,4.0,4.0,2.0,2.0,3.0,2.0,,,10.0,9.0,2016,K
254,Patrick Murray,CLE,,,,,1.0,1.0,,,1.0,,4.0,3.0,2016,K
255,Matthew Bosher,ATL,,,,,,,,,,,,,2016,K
256,Pat McAfee,IND,,,,,,,,,,,,,2016,K
257,Sam Martin,DET,,,,,,,,,,,,,2016,K
258,Bradley Pinion,SFO,,,,,,,,,,,,,2016,K
259,Matt Wile,2TM,,,,,,,,,,,,,2016,K
260,Bryan Anger,TAM,,,,,,,,,,,,,2016,K
261,Britton Colquitt,CLE,,,,,,,,,,,,,2016,K
262,Riley Dixon,DEN,,,,,,,,,,,,,2016,K
263,Brian Peters,HOU,,,,,,,,,,,,,2016,K
264,Kevin Huber,CIN,,,,,,,,,,,,,2016,K
265,Drew Kaser,SDG,,,,,,,,,,,,,2016,K
266,Brett Kern,TEN,,,,,,,,,,,,,2016,K
267,Sam Koch,BAL,,,,,,,,,,,,,2016,K
268,Andy Lee,CAR,,,,,,,,,,,,,2016,K
269,Brad Nortman,JAX,,,,,,,,,,,,,2016,K
270,Pat O'Donnell,CHI,,,,,,,,,,,,,2016,K
271,Jon Ryan,SEA,,,,,,,,,,,,,2016,K
272,Colton Schmidt,BUF,,,,,,,,,,,,,2016,K
273,Brad Wing,NYG,,,,,,,,,,,,,2016,K
274,Ryan Succop,TEN,,,10.0,10.0,7.0,7.0,20.0,16.0,5.0,2.0,33.0,31.0,2017,K
275,Harrison Butker,KAN,,,8.0,8.0,17.0,16.0,12.0,10.0,5.0,4.0,28.0,28.0,2017,K
276,Robbie Gould,SFO,,,8.0,7.0,11.0,11.0,18.0,17.0,4.0,4.0,30.0,28.0,2017,K
277,Stephen Gostkowski,NWE,,,16.0,16.0,9.0,9.0,11.0,8.0,4.0,4.0,47.0,45.0,2017,K
278,Greg Zuerlein,LAR,1.0,1.0,8.0,8.0,12.0,11.0,12.0,12.0,7.0,6.0,46.0,44.0,2017,K
279,Phil Dawson,ARI,1.0,1.0,7.0,7.0,14.0,10.0,13.0,10.0,5.0,4.0,26.0,23.0,2017,K
280,Matt Bryant,ATL,1.0,1.0,6.0,6.0,13.0,10.0,10.0,9.0,9.0,8.0,35.0,35.0,2017,K
281,Chris Boswell,PIT,,,10.0,10.0,14.0,12.0,10.0,9.0,4.0,4.0,39.0,37.0,2017,K
282,Kai Forbath,MIN,,,8.0,8.0,14.0,12.0,7.0,6.0,9.0,6.0,39.0,34.0,2017,K
283,Justin Tucker,BAL,,,7.0,7.0,11.0,11.0,12.0,11.0,7.0,5.0,39.0,39.0,2017,K
284,Wil Lutz,NOR,,,10.0,10.0,5.0,4.0,16.0,13.0,5.0,4.0,50.0,47.0,2017,K
285,Matt Prater,DET,2.0,2.0,4.0,4.0,10.0,10.0,8.0,7.0,11.0,7.0,41.0,40.0,2017,K
286,Adam Vinatieri,IND,,,11.0,11.0,10.0,7.0,7.0,6.0,6.0,5.0,24.0,22.0,2017,K
287,Stephen Hauschka,BUF,,,6.0,6.0,9.0,9.0,9.0,7.0,9.0,7.0,29.0,29.0,2017,K
288,Brandon McManus,DEN,,,8.0,6.0,12.0,11.0,6.0,4.0,6.0,3.0,27.0,27.0,2017,K
289,Jake Elliott,PHI,,,5.0,5.0,7.0,4.0,13.0,12.0,6.0,5.0,42.0,39.0,2017,K
290,Graham Gano,CAR,,,8.0,8.0,11.0,11.0,10.0,10.0,1.0,,37.0,34.0,2017,K
291,Chandler Catanzaro,NYJ,1.0,1.0,6.0,6.0,4.0,4.0,17.0,12.0,2.0,2.0,29.0,29.0,2017,K
292,Blair Walsh,SEA,,,6.0,6.0,10.0,7.0,12.0,8.0,1.0,,38.0,37.0,2017,K
293,Ka'imi Fairbairn,HOU,,,4.0,3.0,10.0,8.0,7.0,6.0,4.0,3.0,35.0,32.0,2017,K
294,Aldrick Rosas,NYG,,,8.0,8.0,5.0,3.0,9.0,4.0,3.0,3.0,23.0,20.0,2017,K
295,Cody Parkey,MIA,,,6.0,6.0,8.0,8.0,7.0,6.0,2.0,1.0,29.0,26.0,2017,K
296,Patrick Murray,TAM,,,5.0,5.0,8.0,8.0,5.0,4.0,5.0,2.0,22.0,21.0,2017,K
297,Giorgio Tavecchio,OAK,,,5.0,5.0,7.0,5.0,5.0,3.0,4.0,3.0,34.0,33.0,2017,K
298,Randy Bullock,CIN,,,6.0,6.0,8.0,7.0,5.0,4.0,1.0,1.0,33.0,31.0,2017,K
299,Dan Bailey,DAL,1.0,1.0,4.0,3.0,5.0,4.0,5.0,4.0,5.0,3.0,28.0,26.0,2017,K
300,Zane Gonzalez,CLE,,,5.0,5.0,6.0,4.0,6.0,4.0,3.0,2.0,26.0,25.0,2017,K
301,Josh Lambo,JAX,,,2.0,2.0,11.0,11.0,5.0,4.0,2.0,2.0,24.0,22.0,2017,K
302,Mason Crosby,GNB,,,8.0,8.0,4.0,2.0,4.0,4.0,3.0,1.0,35.0,33.0,2017,K
303,Dustin Hopkins,WAS,1.0,1.0,7.0,7.0,2.0,2.0,5.0,4.0,2.0,,19.0,18.0,2017,K
304,Connor Barth,CHI,1.0,1.0,4.0,4.0,,,9.0,5.0,2.0,1.0,17.0,17.0,2017,K
305,Jason Myers,JAX,,,4.0,4.0,3.0,2.0,5.0,5.0,3.0,,17.0,15.0,2017,K
306,Nick Rose,2TM,,,6.0,6.0,4.0,3.0,2.0,1.0,2.0,1.0,26.0,23.0,2017,K
307,Nick Novak,LAC,,,4.0,4.0,5.0,4.0,2.0,,2.0,1.0,18.0,17.0,2017,K
308,Mike Nugent,2TM,,,3.0,3.0,4.0,3.0,5.0,4.0,1.0,1.0,17.0,15.0,2017,K
309,Nick Folk,TAM,,,2.0,2.0,2.0,1.0,5.0,2.0,2.0,1.0,9.0,7.0,2017,K
310,Travis Coons,LAC,,,4.0,4.0,3.0,2.0,1.0,1.0,,,6.0,5.0,2017,K
311,Younghoe Koo,LAC,,,2.0,2.0,,,4.0,1.0,,,9.0,9.0,2017,K
312,Cairo Santos,2TM,,,,,4.0,4.0,,,1.0,,14.0,14.0,2017,K
313,Sam Ficken,LAR,,,2.0,2.0,1.0,,,,,,5.0,4.0,2017,K
314,Caleb Sturgis,PHI,,,,,1.0,1.0,1.0,1.0,1.0,1.0,2.0,1.0,2017,K
315,Jeff Heath,DAL,,,,,,,,,,,3.0,2.0,2017,K
316,Drew Kaser,LAC,,,,,,,,,,,3.0,1.0,2017,K
317,Marshall Koehn,CIN,,,,,,,,,,,1.0,1.0,2017,K
318,Matthew Bosher,ATL,,,,,,,,,,,,,2017,K
319,Bradley Pinion,SFO,,,,,,,,,,,,,2017,K
320,Rigoberto Sanchez,IND,,,,,,,,,,,,,2017,K
321,Sam Martin,DET,,,,,,,,,,,,,2017,K
322,Jeff Locke,DET,,,,,,,,,,,,,2017,K
323,Kamu Grugier-Hill,PHI,,,,,,,,,,,,,2017,K
324,Pat O'Donnell,CHI,,,,,,,,,,,,,2017,K
325,Riley Dixon,DEN,,,,,,,,,,,,,2017,K
326,Jon Ryan,SEA,,,,,,,,,,,,,2017,K
327,Britton Colquitt,CLE,,,,,,,,,,,,,2017,K
328,Dustin Colquitt,KAN,,,,,,,,,,,,,2017,K
329,Lac Edwards,NYJ,,,,,,,,,,,,,2017,K
330,Shane Lechler,HOU,,,,,,,,,,,,,2017,K
331,Andy Lee,ARI,,,,,,,,,,,,,2017,K
332,Thomas Morstead,NOR,,,,,,,,,,,,,2017,K
333,Ryan Quigley,MIN,,,,,,,,,,,,,2017,K
334,Kasey Redfern,DET,,,,,,,,,,,,,2017,K
335,Tress Way,WAS,,,,,,,,,,,,,2017,K
336,Ka'imi Fairbairn,HOU,1.0,1.0,9.0,9.0,11.0,11.0,15.0,12.0,6.0,4.0,41.0,39.0,2018,K
337,Justin Tucker,BAL,,,12.0,12.0,9.0,9.0,11.0,9.0,7.0,5.0,37.0,36.0,2018,K
338,Mason Crosby,GNB,,,4.0,4.0,11.0,10.0,15.0,11.0,7.0,5.0,36.0,34.0,2018,K
339,Jason Myers,NYJ,,,4.0,4.0,14.0,13.0,11.0,10.0,7.0,6.0,33.0,30.0,2018,K
340,Brett Maher,DAL,,,10.0,10.0,8.0,6.0,11.0,7.0,7.0,6.0,33.0,32.0,2018,K
341,Robbie Gould,SFO,,,9.0,9.0,13.0,13.0,10.0,9.0,2.0,2.0,29.0,27.0,2018,K
342,Aldrick Rosas,NYG,,,9.0,9.0,13.0,13.0,6.0,6.0,5.0,4.0,32.0,31.0,2018,K
343,Stephen Gostkowski,NWE,,,11.0,11.0,10.0,10.0,6.0,4.0,5.0,2.0,50.0,49.0,2018,K
344,Matt Prater,DET,,,8.0,8.0,12.0,12.0,7.0,5.0,5.0,3.0,30.0,30.0,2018,K
345,Greg Zuerlein,LAR,,,9.0,9.0,10.0,10.0,6.0,4.0,6.0,4.0,36.0,35.0,2018,K
346,Jake Elliott,PHI,,,7.0,7.0,11.0,10.0,8.0,7.0,5.0,2.0,35.0,33.0,2018,K
347,Wil Lutz,NOR,1.0,1.0,5.0,5.0,9.0,9.0,12.0,11.0,3.0,2.0,53.0,52.0,2018,K
348,Cody Parkey,CHI,,,6.0,6.0,10.0,7.0,12.0,9.0,2.0,1.0,45.0,42.0,2018,K
349,Ryan Succop,TEN,,,6.0,5.0,13.0,13.0,7.0,5.0,4.0,3.0,31.0,28.0,2018,K
350,Dustin Hopkins,WAS,,,5.0,5.0,7.0,7.0,12.0,10.0,5.0,4.0,26.0,25.0,2018,K
351,Dan Bailey,MIN,,,6.0,5.0,11.0,11.0,9.0,4.0,2.0,1.0,31.0,30.0,2018,K
352,Stephen Hauschka,BUF,,,3.0,3.0,8.0,8.0,10.0,7.0,7.0,4.0,26.0,25.0,2018,K
353,Harrison Butker,KAN,,,9.0,9.0,7.0,7.0,7.0,6.0,4.0,2.0,69.0,65.0,2018,K
354,Sebastian Janikowski,SEA,,,2.0,2.0,11.0,9.0,9.0,8.0,5.0,3.0,51.0,48.0,2018,K
355,Adam Vinatieri,IND,,,8.0,8.0,7.0,6.0,6.0,5.0,6.0,4.0,47.0,44.0,2018,K
356,Brandon McManus,DEN,,,5.0,5.0,6.0,6.0,7.0,7.0,7.0,2.0,35.0,35.0,2018,K
357,Randy Bullock,CIN,,,4.0,4.0,8.0,7.0,6.0,6.0,5.0,2.0,41.0,39.0,2018,K
358,Matt Bryant,ATL,,,4.0,4.0,5.0,5.0,7.0,7.0,5.0,4.0,35.0,33.0,2018,K
359,Daniel Carlson,2TM,,,2.0,2.0,4.0,3.0,12.0,9.0,3.0,3.0,24.0,24.0,2018,K
360,Josh Lambo,JAX,,,4.0,4.0,8.0,8.0,4.0,3.0,5.0,4.0,20.0,19.0,2018,K
361,Chris Boswell,PIT,,,3.0,3.0,6.0,4.0,10.0,5.0,1.0,1.0,48.0,43.0,2018,K
362,Jason Sanders,MIA,,,7.0,7.0,3.0,3.0,9.0,7.0,1.0,1.0,36.0,35.0,2018,K
363,Chandler Catanzaro,2TM,,,4.0,4.0,10.0,9.0,3.0,,3.0,3.0,35.0,30.0,2018,K
364,Greg Joseph,CLE,,,4.0,4.0,7.0,7.0,7.0,5.0,2.0,1.0,29.0,25.0,2018,K
365,Cairo Santos,2TM,1.0,1.0,4.0,4.0,6.0,6.0,6.0,3.0,1.0,,23.0,22.0,2018,K
366,Graham Gano,CAR,,,3.0,3.0,5.0,4.0,4.0,4.0,4.0,3.0,33.0,30.0,2018,K
367,Michael Badgley,LAC,,,4.0,4.0,5.0,5.0,5.0,5.0,2.0,1.0,28.0,27.0,2018,K
368,Zane Gonzalez,2TM,,,1.0,1.0,4.0,4.0,4.0,2.0,5.0,2.0,11.0,8.0,2018,K
369,Caleb Sturgis,LAC,,,4.0,4.0,2.0,2.0,6.0,3.0,1.0,,15.0,9.0,2018,K
370,Matthew McCrane,3TM,,,3.0,3.0,2.0,2.0,5.0,3.0,2.0,,9.0,9.0,2018,K
371,Phil Dawson,ARI,,,2.0,2.0,2.0,2.0,3.0,1.0,1.0,,15.0,15.0,2018,K
372,Mike Nugent,OAK,,,3.0,3.0,,,2.0,2.0,1.0,1.0,5.0,4.0,2018,K
373,Giorgio Tavecchio,ATL,,,1.0,1.0,,,2.0,2.0,2.0,2.0,8.0,8.0,2018,K
374,Kai Forbath,JAX,,,2.0,2.0,1.0,1.0,1.0,1.0,1.0,,3.0,3.0,2018,K
375,Sam Ficken,LAR,,,1.0,,1.0,1.0,1.0,,,,10.0,10.0,2018,K
376,Johnny Hekker,LAR,,,1.0,1.0,,,,,,,1.0,1.0,2018,K
377,Matthew Bosher,ATL,,,,,,,,,,,,,2018,K
378,Rigoberto Sanchez,IND,,,,,,,,,,,,,2018,K
379,Bradley Pinion,SFO,,,,,,,,,,,,,2018,K
380,Sam Martin,DET,,,,,,,,,,,,,2018,K
381,Logan Cooke,JAX,,,,,,,,,,,,,2018,K
382,Michael Dickson,SEA,,,,,,,,,,,,,2018,K
383,Thomas Morstead,NOR,,,,,,,,,,,,,2018,K
384,Bryan Anger,TAM,,,,,,,,,,,,,2018,K
385,Daren Bates,TEN,,,,,,,,,,,,,2018,K
386,Britton Colquitt,CLE,,,,,,,,,,,,,2018,K
387,Dustin Colquitt,KAN,,,,,,,,,,,,,2018,K
388,Lac Edwards,NYJ,,,,,,,,,,,,,2018,K
389,Brett Kern,TEN,,,,,,,,,,,,,2018,K
390,Andy Lee,ARI,,,,,,,,,,,,,2018,K
391,JK Scott,GNB,,,,,,,,,,,,,2018,K
392,Harrison Butker,KAN,,,9.0,9.0,9.0,8.0,14.0,14.0,6.0,3.0,48.0,45.0,2019,K
393,Wil Lutz,NOR,1.0,1.0,9.0,9.0,6.0,6.0,15.0,13.0,5.0,3.0,49.0,48.0,2019,K
394,Matt Gay,TAM,,,6.0,6.0,7.0,5.0,14.0,11.0,8.0,5.0,48.0,43.0,2019,K
395,Zane Gonzalez,ARI,,,12.0,12.0,13.0,12.0,8.0,5.0,2.0,2.0,35.0,34.0,2019,K
396,Brandon McManus,DEN,,,6.0,6.0,9.0,9.0,12.0,10.0,7.0,4.0,26.0,25.0,2019,K
397,Josh Lambo,JAX,,,12.0,12.0,9.0,9.0,9.0,8.0,4.0,4.0,20.0,19.0,2019,K
398,Greg Zuerlein,LAR,,,7.0,7.0,8.0,7.0,11.0,5.0,7.0,5.0,42.0,42.0,2019,K
399,Joey Slye,CAR,,,5.0,4.0,5.0,5.0,11.0,8.0,11.0,8.0,35.0,31.0,2019,K
400,Robbie Gould,SFO,,,9.0,9.0,10.0,8.0,8.0,6.0,4.0,,42.0,41.0,2019,K
401,Matt Prater,DET,,,11.0,11.0,3.0,2.0,9.0,6.0,8.0,7.0,36.0,35.0,2019,K
402,Chris Boswell,PIT,1.0,1.0,11.0,11.0,7.0,7.0,10.0,9.0,2.0,1.0,28.0,28.0,2019,K
403,Randy Bullock,CIN,,,10.0,10.0,6.0,6.0,12.0,10.0,3.0,1.0,25.0,24.0,2019,K
404,Brett Maher,DAL,,,9.0,9.0,8.0,6.0,5.0,1.0,8.0,4.0,36.0,36.0,2019,K
405,Jason Sanders,MIA,,,7.0,7.0,9.0,8.0,9.0,5.0,5.0,3.0,30.0,29.0,2019,K
406,Dustin Hopkins,WAS,,,8.0,7.0,9.0,8.0,10.0,8.0,3.0,2.0,22.0,21.0,2019,K
407,Justin Tucker,BAL,,,8.0,8.0,9.0,9.0,11.0,10.0,1.0,1.0,59.0,57.0,2019,K
408,Dan Bailey,MIN,,,10.0,10.0,9.0,9.0,7.0,5.0,3.0,3.0,44.0,40.0,2019,K
409,Austin Seibert,CLE,,,6.0,6.0,9.0,9.0,12.0,9.0,2.0,1.0,35.0,30.0,2019,K
410,Jason Myers,SEA,,,6.0,6.0,11.0,11.0,7.0,4.0,4.0,2.0,44.0,40.0,2019,K
411,Stephen Hauschka,BUF,,,5.0,5.0,8.0,7.0,10.0,9.0,5.0,1.0,32.0,30.0,2019,K
412,Eddy Pineiro,CHI,1.0,1.0,8.0,8.0,10.0,9.0,7.0,3.0,2.0,2.0,29.0,27.0,2019,K
413,Sam Ficken,NYJ,,,2.0,2.0,8.0,7.0,11.0,7.0,6.0,3.0,26.0,23.0,2019,K
414,Jake Elliott,PHI,,,7.0,7.0,8.0,8.0,7.0,5.0,4.0,2.0,37.0,35.0,2019,K
415,Daniel Carlson,OAK,,,8.0,8.0,6.0,5.0,10.0,6.0,2.0,,36.0,34.0,2019,K
416,Younghoe Koo,ATL,,,6.0,6.0,10.0,9.0,9.0,7.0,1.0,1.0,16.0,15.0,2019,K
417,Ka'imi Fairbairn,HOU,,,5.0,5.0,8.0,8.0,6.0,4.0,6.0,3.0,45.0,40.0,2019,K
418,Adam Vinatieri,IND,,,7.0,6.0,6.0,6.0,7.0,3.0,5.0,2.0,28.0,22.0,2019,K
419,Mason Crosby,GNB,1.0,1.0,2.0,2.0,11.0,11.0,8.0,7.0,2.0,1.0,41.0,40.0,2019,K
420,Chase McLaughlin,3TM,1.0,1.0,5.0,5.0,4.0,4.0,10.0,5.0,3.0,3.0,26.0,26.0,2019,K
421,Aldrick Rosas,NYG,,,6.0,6.0,6.0,5.0,4.0,1.0,1.0,,39.0,35.0,2019,K
422,Nick Folk,NWE,1.0,1.0,5.0,5.0,3.0,3.0,7.0,4.0,1.0,1.0,12.0,12.0,2019,K
423,Michael Badgley,LAC,,,5.0,5.0,2.0,2.0,8.0,6.0,1.0,,19.0,19.0,2019,K
424,Matt Bryant,ATL,,,1.0,1.0,4.0,3.0,3.0,3.0,6.0,2.0,15.0,14.0,2019,K
425,Kai Forbath,2TM,,,2.0,2.0,1.0,1.0,7.0,7.0,1.0,1.0,12.0,11.0,2019,K
426,Cairo Santos,TEN,,,,,3.0,1.0,3.0,2.0,3.0,1.0,12.0,12.0,2019,K
427,Ty Long,LAC,,,,,3.0,2.0,5.0,4.0,1.0,1.0,9.0,9.0,2019,K
428,Mike Nugent,NWE,,,4.0,3.0,3.0,2.0,1.0,,,,16.0,15.0,2019,K
429,Stephen Gostkowski,NWE,,,3.0,3.0,3.0,3.0,2.0,1.0,,,15.0,11.0,2019,K
430,Ryan Succop,TEN,,,,,1.0,1.0,4.0,,1.0,,25.0,24.0,2019,K
431,Cody Parkey,TEN,,,,,,,2.0,2.0,1.0,1.0,6.0,5.0,2019,K
432,Kaare Vedvik,NYJ,,,,,,,1.0,,,,1.0,,2019,K
433,Greg Joseph,TEN,,,,,,,,,,,9.0,9.0,2019,K
434,Bradley Pinion,TAM,,,,,,,,,,,,,2019,K
435,Mitch Wishnowsky,SFO,,,,,,,,,,,,,2019,K
436,Rigoberto Sanchez,IND,,,,,,,,,,,,,2019,K
437,Jake Bailey,NWE,,,,,,,,,,,,,2019,K
438,Sam Martin,DET,,,,,,,,,,,,,2019,K
439,Logan Cooke,JAX,,,,,,,,,,,,,2019,K
440,Pat O'Donnell,CHI,,,,,,,,,,,,,2019,K
441,Kasey Redfern,ATL,,,,,,,,,,,,,2019,K
442,Matt Wile,ATL,,,,,,,,,,,,,2019,K
443,Matthew Bosher,ATL,,,,,,,,,,,,,2019,K
444,Michael Palardy,CAR,,,,,,,,,,,,,2019,K
445,Jamie Gillan,CLE,,,,,,,,,,,,,2019,K
446,Jordan Berry,PIT,,,,,,,,,,,,,2019,K
447,Lac Edwards,NYJ,,,,,,,,,,,,,2019,K
448,Matt Haack,MIA,,,,,,,,,,,,,2019,K
449,Johnny Hekker,LAR,,,,,,,,,,,,,2019,K
450,Bryan Anger,HOU,,,,,,,,,,,,,2019,K
451,Corey Bojorquez,BUF,,,,,,,,,,,,,2019,K
452,Britton Colquitt,MIN,,,,,,,,,,,,,2019,K
453,Riley Dixon,NYG,,,,,,,,,,,,,2019,K
454,Thomas Morstead,NOR,,,,,,,,,,,,,2019,K
455,Greg Zuerlein,DAL,1.0,1.0,5.0,5.0,13.0,13.0,13.0,12.0,9.0,3.0,36.0,33.0,2020,K
456,Jason Sanders,MIA,1.0,1.0,8.0,8.0,7.0,7.0,14.0,12.0,9.0,8.0,36.0,36.0,2020,K
457,Younghoe Koo,ATL,,,10.0,10.0,12.0,11.0,9.0,8.0,8.0,8.0,36.0,33.0,2020,K
458,Rodrigo Blankenship,IND,,,10.0,10.0,13.0,12.0,11.0,9.0,3.0,1.0,45.0,43.0,2020,K
459,Joey Slye,CAR,,,12.0,11.0,10.0,10.0,8.0,7.0,6.0,1.0,36.0,33.0,2020,K
460,Daniel Carlson,LVR,,,18.0,18.0,8.0,8.0,5.0,3.0,4.0,4.0,47.0,45.0,2020,K
461,Tyler Bass,BUF,1.0,1.0,9.0,9.0,9.0,6.0,9.0,8.0,6.0,4.0,59.0,57.0,2020,K
462,Dustin Hopkins,WAS,,,5.0,5.0,8.0,7.0,17.0,13.0,4.0,2.0,32.0,30.0,2020,K
463,Brandon McManus,DEN,,,6.0,6.0,5.0,4.0,8.0,8.0,15.0,10.0,27.0,24.0,2020,K
464,Michael Badgley,LAC,,,8.0,8.0,6.0,6.0,13.0,8.0,6.0,2.0,39.0,36.0,2020,K
465,Cairo Santos,CHI,,,9.0,9.0,10.0,10.0,10.0,9.0,3.0,2.0,37.0,36.0,2020,K
466,Graham Gano,NYG,,,4.0,4.0,13.0,13.0,9.0,9.0,6.0,5.0,23.0,21.0,2020,K
467,Ryan Succop,TAM,1.0,1.0,10.0,10.0,9.0,9.0,9.0,7.0,2.0,1.0,57.0,52.0,2020,K
468,Ka'imi Fairbairn,HOU,,,8.0,8.0,9.0,9.0,8.0,6.0,6.0,4.0,40.0,37.0,2020,K
469,Justin Tucker,BAL,,,8.0,8.0,7.0,6.0,9.0,9.0,5.0,3.0,53.0,52.0,2020,K
470,Wil Lutz,NOR,,,6.0,5.0,10.0,10.0,9.0,7.0,3.0,1.0,58.0,57.0,2020,K
471,Matt Prater,DET,,,4.0,4.0,7.0,7.0,7.0,4.0,10.0,6.0,41.0,38.0,2020,K
472,Nick Folk,NWE,,,6.0,6.0,7.0,7.0,12.0,11.0,3.0,2.0,33.0,30.0,2020,K
473,Harrison Butker,KAN,2.0,2.0,7.0,7.0,9.0,9.0,5.0,3.0,4.0,4.0,54.0,48.0,2020,K
474,Stephen Gostkowski,TEN,,,3.0,2.0,5.0,4.0,10.0,5.0,8.0,7.0,48.0,46.0,2020,K
475,Randy Bullock,CIN,,,3.0,3.0,10.0,8.0,8.0,7.0,5.0,3.0,25.0,24.0,2020,K
476,Jason Myers,SEA,,,2.0,2.0,7.0,7.0,13.0,13.0,2.0,2.0,53.0,49.0,2020,K
477,Robbie Gould,SFO,,,3.0,3.0,6.0,5.0,10.0,9.0,4.0,2.0,38.0,36.0,2020,K
478,Cody Parkey,CLE,,,5.0,5.0,6.0,4.0,11.0,10.0,,,47.0,43.0,2020,K
479,Dan Bailey,MIN,,,6.0,6.0,4.0,3.0,7.0,4.0,5.0,2.0,43.0,37.0,2020,K
480,Zane Gonzalez,ARI,,,4.0,4.0,2.0,2.0,13.0,8.0,3.0,2.0,39.0,38.0,2020,K
481,Chris Boswell,PIT,,,5.0,5.0,6.0,6.0,8.0,7.0,1.0,1.0,38.0,34.0,2020,K
482,Jake Elliott,PHI,,,3.0,1.0,6.0,6.0,5.0,5.0,5.0,2.0,26.0,24.0,2020,K
483,Mason Crosby,GNB,1.0,1.0,1.0,1.0,5.0,5.0,5.0,5.0,4.0,4.0,63.0,59.0,2020,K
484,Matt Gay,LAR,,,2.0,2.0,6.0,5.0,7.0,6.0,1.0,1.0,16.0,16.0,2020,K
485,Sam Ficken,NYJ,,,5.0,5.0,6.0,6.0,1.0,1.0,3.0,1.0,15.0,12.0,2020,K
486,Sam Sloman,2TM,,,3.0,2.0,6.0,6.0,3.0,2.0,1.0,,26.0,23.0,2020,K
487,Sergio Castillo,NYJ,,,2.0,1.0,4.0,3.0,5.0,2.0,2.0,2.0,7.0,6.0,2020,K
488,Aldrick Rosas,JAX,,,3.0,3.0,2.0,2.0,1.0,,5.0,3.0,9.0,9.0,2020,K
489,Austin Seibert,2TM,,,,,5.0,5.0,3.0,1.0,1.0,,9.0,8.0,2020,K
490,Mike Nugent,ARI,,,1.0,1.0,5.0,4.0,2.0,2.0,,,7.0,7.0,2020,K
491,Josh Lambo,JAX,,,,,2.0,2.0,1.0,1.0,2.0,2.0,10.0,8.0,2020,K
492,Chase McLaughlin,2TM,,,1.0,1.0,1.0,1.0,1.0,1.0,2.0,1.0,6.0,5.0,2020,K
493,Matthew Wright,PIT,,,1.0,1.0,1.0,1.0,2.0,2.0,,,7.0,7.0,2020,K
494,Kai Forbath,LAR,,,2.0,2.0,,,1.0,,,,5.0,4.0,2020,K
495,Tristan Vizcaino,SFO,,,,,2.0,2.0,1.0,1.0,,,2.0,2.0,2020,K
496,Stephen Hauschka,JAX,,,1.0,,,,1.0,,,,2.0,2.0,2020,K
497,Jonathan Brown,JAX,,,,,2.0,1.0,,,,,1.0,1.0,2020,K
498,Taylor Russolino,DEN,,,,,,,,,1.0,,3.0,1.0,2020,K
499,Elliott Fry,ATL,,,1.0,1.0,,,,,,,2.0,1.0,2020,K
500,Jamie Gillan,CLE,,,,,,,,,1.0,,,,2020,K
501,Brandon Wright,JAX,,,,,,,,,,,2.0,1.0,2020,K
502,Bradley Pinion,TAM,,,,,,,,,,,,,2020,K
503,Ty Long,LAC,,,,,,,,,,,,,2020,K
504,Rigoberto Sanchez,IND,,,,,,,,,,,,,2020,K
505,Jake Bailey,NWE,,,,,,,,,,,,,2020,K
506,Mitch Wishnowsky,SFO,,,,,,,,,,,,,2020,K
507,Jack Fox,DET,,,,,,,,,,,,,2020,K
508,Logan Cooke,JAX,,,,,,,,,,,,,2020,K
509,Braden Mann,NYJ,,,,,,,,,,,,,2020,K
510,Sterling Hofrichter,ATL,,,,,,,,,,,,,2020,K
511,JK Scott,GNB,,,,,,,,,,,,,2020,K
512,Bryan Anger,HOU,,,,,,,,,,,,,2020,K
513,Britton Colquitt,MIN,,,,,,,,,,,,,2020,K
514,Michael Dickson,SEA,,,,,,,,,,,,,2020,K
515,Cameron Johnston,PHI,,,,,,,,,,,,,2020,K
516,Chris Jones,DAL,,,,,,,,,,,,,2020,K
517,Andy Lee,ARI,,,,,,,,,,,,,2020,K
518,Sam Martin,DEN,,,,,,,,,,,,,2020,K
519,Tommy Townsend,KAN,,,,,,,,,,,,,2020,K
520,Aaron Brewer,ARI,,,,,,,,,,,,,2020,K
521,Keelan Cole,JAX,,,,,,,,,,,,,2020,K
522,Riley Dixon,NYG,,,,,,,,,,,,,2020,K
523,Matt Haack,MIA,,,,,,,,,,,,,2020,K
524,Brett Kern,TEN,,,,,,,,,,,,,2020,K
525,Thomas Morstead,NOR,,,,,,,,,,,,,2020,K
526,Daniel Carlson,LVR,,,11.0,10.0,12.0,12.0,13.0,12.0,7.0,6.0,33.0,30.0,2021,K
527,Chris Boswell,PIT,,,9.0,9.0,9.0,8.0,13.0,11.0,9.0,8.0,29.0,27.0,2021,K
528,Nick Folk,NWE,,,9.0,9.0,11.0,11.0,11.0,11.0,8.0,5.0,47.0,42.0,2021,K
529,Greg Joseph,MIN,,,8.0,8.0,12.0,11.0,9.0,7.0,9.0,7.0,40.0,36.0,2021,K
530,Matt Prater,ARI,,,11.0,11.0,11.0,9.0,5.0,3.0,10.0,7.0,49.0,47.0,2021,K
531,Justin Tucker,BAL,,,7.0,7.0,9.0,9.0,15.0,13.0,6.0,6.0,32.0,32.0,2021,K
532,Greg Zuerlein,DAL,,,5.0,5.0,16.0,15.0,9.0,7.0,5.0,2.0,48.0,42.0,2021,K
533,Mason Crosby,GNB,,,9.0,9.0,13.0,9.0,8.0,4.0,4.0,3.0,51.0,49.0,2021,K
534,Matt Gay,LAR,,,6.0,6.0,15.0,15.0,8.0,7.0,5.0,4.0,49.0,48.0,2021,K
535,Dustin Hopkins,2TM,1.0,1.0,8.0,8.0,6.0,6.0,14.0,13.0,5.0,2.0,44.0,40.0,2021,K
536,Evan McPherson,CIN,,,5.0,5.0,8.0,8.0,9.0,6.0,11.0,9.0,48.0,46.0,2021,K
537,Jake Elliott,PHI,,,7.0,7.0,10.0,10.0,13.0,10.0,3.0,3.0,44.0,44.0,2021,K
538,Graham Gano,NYG,,,5.0,5.0,13.0,12.0,5.0,5.0,10.0,7.0,17.0,17.0,2021,K
539,Tyler Bass,BUF,,,15.0,15.0,8.0,7.0,5.0,4.0,4.0,2.0,51.0,51.0,2021,K
540,Randy Bullock,TEN,,,5.0,5.0,12.0,12.0,13.0,8.0,1.0,1.0,45.0,42.0,2021,K
541,Jason Sanders,MIA,,,6.0,6.0,9.0,7.0,10.0,8.0,6.0,2.0,35.0,34.0,2021,K
542,Brandon McManus,DEN,,,8.0,7.0,6.0,6.0,8.0,8.0,9.0,5.0,34.0,33.0,2021,K
543,Ryan Succop,TAM,,,11.0,11.0,8.0,7.0,10.0,7.0,1.0,,59.0,56.0,2021,K
544,Cairo Santos,CHI,,,10.0,10.0,5.0,5.0,13.0,11.0,2.0,,28.0,27.0,2021,K
545,Younghoe Koo,ATL,,,8.0,8.0,9.0,9.0,7.0,6.0,5.0,4.0,30.0,30.0,2021,K
546,Harrison Butker,KAN,,,3.0,3.0,11.0,11.0,5.0,4.0,9.0,7.0,49.0,47.0,2021,K
547,Joey Slye,3TM,,,9.0,9.0,5.0,5.0,7.0,5.0,4.0,4.0,22.0,18.0,2021,K
548,Matthew Wright,JAX,,,7.0,7.0,7.0,7.0,4.0,3.0,6.0,4.0,15.0,13.0,2021,K
549,Jason Myers,SEA,,,2.0,2.0,11.0,9.0,5.0,3.0,5.0,3.0,47.0,44.0,2021,K
550,Robbie Gould,SFO,,,6.0,6.0,4.0,4.0,9.0,7.0,4.0,3.0,40.0,39.0,2021,K
551,Michael Badgley,2TM,,,4.0,4.0,7.0,6.0,10.0,8.0,1.0,,41.0,40.0,2021,K
552,Zane Gonzalez,CAR,,,6.0,6.0,1.0,1.0,10.0,10.0,5.0,3.0,23.0,22.0,2021,K
553,Chase McLaughlin,CLE,,,3.0,3.0,4.0,4.0,10.0,4.0,4.0,4.0,37.0,36.0,2021,K
554,Ka'imi Fairbairn,HOU,,,4.0,4.0,5.0,5.0,4.0,2.0,6.0,4.0,16.0,13.0,2021,K
555,Matt Ammendola,NYJ,,,5.0,5.0,6.0,6.0,5.0,2.0,3.0,,15.0,14.0,2021,K
556,Brett Maher,NOR,,,4.0,4.0,9.0,8.0,4.0,4.0,1.0,,12.0,10.0,2021,K
557,Riley Patterson,DET,,,3.0,3.0,6.0,6.0,4.0,4.0,1.0,,16.0,16.0,2021,K
558,Rodrigo Blankenship,IND,,,3.0,3.0,4.0,3.0,6.0,5.0,1.0,,8.0,7.0,2021,K
559,Austin Seibert,DET,,,,,4.0,4.0,6.0,5.0,2.0,1.0,5.0,5.0,2021,K
560,Brian Johnson,2TM,,,5.0,5.0,3.0,3.0,1.0,1.0,1.0,1.0,13.0,9.0,2021,K
561,Eddy Pineiro,NYJ,,,2.0,2.0,2.0,2.0,3.0,3.0,1.0,1.0,10.0,9.0,2021,K
562,Tristan Vizcaino,LAC,,,3.0,3.0,2.0,2.0,2.0,1.0,,,15.0,10.0,2021,K
563,Aldrick Rosas,2TM,,,,,1.0,,2.0,2.0,2.0,,14.0,14.0,2021,K
564,Lirim Hajrullahu,2TM,,,2.0,2.0,2.0,2.0,1.0,,,,8.0,8.0,2021,K
565,Ryan Santoso,2TM,,,3.0,3.0,1.0,1.0,1.0,,,,8.0,6.0,2021,K
566,Elliott Fry,2TM,,,,,4.0,3.0,1.0,1.0,,,5.0,4.0,2021,K
567,Chris Blewitt,WAS,,,,,,,4.0,1.0,1.0,1.0,2.0,2.0,2021,K
568,Josh Lambo,JAX,,,,,,,1.0,,2.0,,7.0,5.0,2021,K
569,Dominik Eberle,HOU,,,1.0,1.0,,,,,2.0,1.0,5.0,5.0,2021,K
570,Mitch Wishnowsky,SFO,,,,,,,1.0,,,,2.0,1.0,2021,K
571,Chris Naggar,CLE,,,,,1.0,1.0,,,,,2.0,1.0,2021,K
572,Bradley Pinion,TAM,,,,,,,,,1.0,,,,2021,K
573,Cody Parkey,NOR,,,,,,,,,,,5.0,3.0,2021,K
574,Alex Kessman,NYJ,,,,,,,,,,,2.0,,2021,K
575,Jake Bailey,NWE,,,,,,,,,,,,,2021,K
576,Rigoberto Sanchez,IND,,,,,,,,,,,,,2021,K
577,Jack Fox,DET,,,,,,,,,,,,,2021,K
578,Braden Mann,NYJ,,,,,,,,,,,,,2021,K
579,Logan Cooke,JAX,,,,,,,,,,,,,2021,K
580,Cameron Nizialek,ATL,,,,,,,,,,,,,2021,K
581,Sterling Hofrichter,TAM,,,,,,,,,,,,,2021,K
582,Riley Dixon,NYG,,,,,,,,,,,,,2021,K
583,Brandon Zylstra,CAR,,,,,,,,,,,,,2021,K
584,Blake Gillikin,NOR,,,,,,,,,,,,,2021,K
585,Pressley Harvin III,PIT,,,,,,,,,,,,,2021,K
586,Tress Way,WAS,,,,,,,,,,,,,2021,K
587,Ryan Winslow,3TM,,,,,,,,,,,,,2021,K
588,Matt Haack,BUF,,,,,,,,,,,,,2021,K
589,Michael Palardy,MIA,,,,,,,,,,,,,2021,K
590,Arryn Siposs,PHI,,,,,,,,,,,,,2021,K
591,Justin Tucker,BAL,,,13.0,13.0,11.0,11.0,5.0,4.0,14.0,9.0,32.0,31.0,2022,K
592,Ryan Succop,TAM,,,11.0,10.0,8.0,7.0,12.0,12.0,7.0,2.0,25.0,24.0,2022,K
593,Jason Myers,SEA,,,9.0,9.0,16.0,15.0,6.0,4.0,6.0,6.0,42.0,41.0,2022,K
594,Daniel Carlson,LVR,,,9.0,9.0,11.0,11.0,4.0,3.0,13.0,11.0,36.0,35.0,2022,K
595,Nick Folk,NWE,1.0,1.0,9.0,9.0,8.0,8.0,14.0,10.0,5.0,4.0,35.0,32.0,2022,K
596,Younghoe Koo,ATL,,,9.0,9.0,7.0,7.0,10.0,9.0,11.0,7.0,35.0,33.0,2022,K
597,Greg Zuerlein,NYJ,,,5.0,5.0,10.0,10.0,11.0,9.0,11.0,6.0,29.0,28.0,2022,K
598,Brandon McManus,DEN,,,7.0,6.0,6.0,4.0,10.0,10.0,13.0,8.0,27.0,25.0,2022,K
599,Chase McLaughlin,IND,,,7.0,7.0,6.0,5.0,11.0,9.0,12.0,9.0,21.0,21.0,2022,K
600,Riley Patterson,JAX,,,8.0,8.0,11.0,10.0,13.0,10.0,3.0,2.0,37.0,36.0,2022,K
601,Eddy Pineiro,CAR,,,2.0,2.0,17.0,16.0,14.0,13.0,2.0,2.0,32.0,30.0,2022,K
602,Greg Joseph,MIN,,,10.0,10.0,5.0,5.0,8.0,7.0,10.0,4.0,46.0,40.0,2022,K
603,Brett Maher,DAL,,,9.0,9.0,5.0,5.0,7.0,6.0,11.0,9.0,53.0,50.0,2022,K
604,Robbie Gould,SFO,,,14.0,13.0,5.0,5.0,11.0,7.0,2.0,2.0,51.0,50.0,2022,K
605,Jason Sanders,MIA,,,6.0,5.0,7.0,7.0,13.0,12.0,6.0,2.0,44.0,41.0,2022,K
606,Cade York,CLE,,,5.0,5.0,12.0,9.0,8.0,6.0,7.0,4.0,37.0,35.0,2022,K
607,Graham Gano,NYG,,,2.0,2.0,10.0,9.0,11.0,10.0,9.0,8.0,34.0,32.0,2022,K
608,Tyler Bass,BUF,,,4.0,4.0,13.0,11.0,11.0,10.0,3.0,2.0,50.0,48.0,2022,K
609,Wil Lutz,NOR,,,6.0,6.0,11.0,9.0,8.0,4.0,6.0,4.0,33.0,33.0,2022,K
610,Ka'imi Fairbairn,HOU,,,7.0,7.0,8.0,7.0,10.0,9.0,6.0,6.0,24.0,24.0,2022,K
611,Matt Gay,LAR,,,9.0,9.0,8.0,8.0,4.0,4.0,9.0,7.0,32.0,31.0,2022,K
612,Joey Slye,WAS,1.0,1.0,8.0,8.0,5.0,4.0,10.0,8.0,6.0,4.0,28.0,24.0,2022,K
613,Evan McPherson,CIN,1.0,1.0,6.0,5.0,4.0,4.0,13.0,9.0,5.0,5.0,44.0,40.0,2022,K
614,Mason Crosby,GNB,,,10.0,10.0,8.0,8.0,7.0,6.0,4.0,1.0,39.0,37.0,2022,K
615,Michael Badgley,2TM,,,7.0,6.0,7.0,7.0,11.0,9.0,3.0,2.0,33.0,33.0,2022,K
616,Chris Boswell,PIT,,,4.0,4.0,5.0,4.0,10.0,5.0,9.0,7.0,18.0,18.0,2022,K
617,Matt Prater,ARI,,,1.0,1.0,10.0,10.0,8.0,6.0,6.0,5.0,18.0,17.0,2022,K
618,Harrison Butker,KAN,,,7.0,7.0,5.0,4.0,5.0,4.0,7.0,3.0,41.0,38.0,2022,K
619,Jake Elliott,PHI,,,6.0,6.0,9.0,8.0,2.0,1.0,6.0,5.0,53.0,51.0,2022,K
620,Cairo Santos,CHI,,,4.0,4.0,7.0,7.0,7.0,6.0,5.0,4.0,32.0,27.0,2022,K
621,Cameron Dicker,2TM,,,7.0,7.0,7.0,7.0,7.0,7.0,1.0,,24.0,24.0,2022,K
622,Randy Bullock,TEN,,,5.0,5.0,5.0,5.0,8.0,6.0,2.0,1.0,28.0,28.0,2022,K
623,Matthew Wright,2TM,,,1.0,1.0,7.0,6.0,8.0,6.0,2.0,2.0,15.0,15.0,2022,K
624,Dustin Hopkins,LAC,,,2.0,2.0,6.0,6.0,2.0,1.0,,,12.0,12.0,2022,K
625,Matt Ammendola,2TM,1.0,1.0,3.0,3.0,2.0,1.0,1.0,,,,7.0,5.0,2022,K
626,Austin Seibert,DET,,,,,1.0,1.0,3.0,2.0,1.0,,12.0,12.0,2022,K
627,Rodrigo Blankenship,2TM,,,2.0,2.0,,,2.0,1.0,1.0,1.0,5.0,4.0,2022,K
628,Caleb Shudak,TEN,,,1.0,1.0,3.0,2.0,,,,,1.0,1.0,2022,K
629,Taylor Bertolet,LAC,,,3.0,3.0,,,,,,,6.0,6.0,2022,K
630,Tristan Vizcaino,2TM,,,,,1.0,1.0,1.0,1.0,,,3.0,3.0,2022,K
631,Nick Sciba,PIT,,,1.0,1.0,1.0,1.0,,,,,1.0,1.0,2022,K
632,Dominik Eberle,DET,,,,,,,1.0,1.0,,,4.0,2.0,2022,K
633,Josh Lambo,TEN,,,,,,,,,,,4.0,3.0,2022,K
634,Justin Reid,KAN,,,,,,,,,,,2.0,1.0,2022,K
635,Mitch Wishnowsky,SFO,,,,,,,,,,,2.0,1.0,2022,K
636,Bradley Pinion,ATL,,,,,,,,,,,,,2022,K
637,Jake Camarda,TAM,,,,,,,,,,,,,2022,K
638,Jack Fox,DET,,,,,,,,,,,,,2022,K
639,Jake Bailey,NWE,,,,,,,,,,,,,2022,K
640,Trenton Gill,CHI,,,,,,,,,,,,,2022,K
641,Braden Mann,NYJ,,,,,,,,,,,,,2022,K
642,Ramiz Ahmed,GNB,,,,,,,,,,,,,2022,K
643,JK Scott,LAC,,,,,,,,,,,,,2022,K
644,Eno Benjamin,3TM,,,,,,,,,,,,,2022,K
645,Ryan Stonehouse,TEN,,,,,,,,,,,,,2022,K
646,Thomas Morstead,MIA,,,,,,,,,,,,,2022,K
647,Corey Bojorquez,CLE,,,,,,,,,,,,,2022,K
648,Logan Cooke,JAX,,,,,,,,,,,,,2022,K
649,Michael Dickson,SEA,,,,,,,,,,,,,2022,K
650,Riley Dixon,LAR,,,,,,,,,,,,,2022,K
651,Jamie Gillan,NYG,,,,,,,,,,,,,2022,K
652,Johnny Hekker,CAR,,,,,,,,,,,,,2022,K
653,Sam Martin,BUF,,,,,,,,,,,,,2022,K
654,Arryn Siposs,PHI,,,,,,,,,,,,,2022,K
655,Tress Way,WAS,,,,,,,,,,,,,2022,K
